id,name,description,topics,cover,createdAt
eb13ebb0-8a32-4301-b6d2-483b98af9d12,Câu lạc bộ chia sẻ kinh nghiệm Data Governance,"Câu lạc bộ chia sẻ kinh nghiệm Data Governance tập trung xây dựng thư viện tài liệu mở xoay quanh data governance, hadoop, mobile development.",data governance|hadoop|mobile development,https://source.unsplash.com/collection/1163637/960x540?sig=0,2025-08-04T23:49:51.747Z
ab147cf0-b79b-41ec-858c-1795def85c34,Không gian mở cho tín đồ Blockchain,"Không gian mở cho tín đồ Blockchain tập trung kết nối mentor - mentee xoay quanh blockchain, reinforcement learning, golang, data governance.",blockchain|reinforcement learning|golang|data governance,https://source.unsplash.com/collection/1163637/960x540?sig=1,2024-07-03T09:56:18.570Z
0d0d5b15-4e33-4488-9340-c5878b4a0852,Liên minh phát triển Kafka,"Liên minh phát triển Kafka tập trung tổ chức workshop định kỳ xoay quanh kafka, data engineering, azure.",kafka|data engineering|azure,https://source.unsplash.com/collection/1163637/960x540?sig=2,2025-07-05T22:21:36.825Z
aa63b2fa-7eb8-4ac3-8f80-7d74f255c10d,Liên minh phát triển Distributed Systems,"Liên minh phát triển Distributed Systems tập trung giao lưu giữa các doanh nghiệp xoay quanh distributed systems, gcp, mobile development.",distributed systems|gcp|mobile development,https://source.unsplash.com/collection/1163637/960x540?sig=3,2025-03-26T02:18:19.526Z
58eb1109-7854-4259-838b-d2963a93cf9b,Diễn đàn thảo luận Data Warehousing,"Diễn đàn thảo luận Data Warehousing tập trung hỗ trợ tuyển dụng chất lượng xoay quanh data warehousing, cybersecurity, azure, aws.",data warehousing|cybersecurity|azure|aws,https://source.unsplash.com/collection/1163637/960x540?sig=4,2024-10-31T04:50:36.162Z
668248bb-5614-4601-b39e-fada413d7c7d,Cộng đồng các chuyên gia Cloud Computing,"Cộng đồng các chuyên gia Cloud Computing tập trung giao lưu giữa các doanh nghiệp xoay quanh cloud computing, etl, cybersecurity.",cloud computing|etl|cybersecurity,https://source.unsplash.com/collection/1163637/960x540?sig=5,2024-01-17T15:12:57.701Z
26b71dbe-188a-40ad-89e2-94b49aa6fa6e,Câu lạc bộ chia sẻ kinh nghiệm Smart City,"Câu lạc bộ chia sẻ kinh nghiệm Smart City tập trung giao lưu giữa các doanh nghiệp xoay quanh smart city, data privacy.",smart city|data privacy,https://source.unsplash.com/collection/1163637/960x540?sig=6,2024-07-03T19:51:56.248Z
63bcdc68-c706-494f-b0cb-9b2cf17e3e29,Liên minh phát triển Distributed Systems,"Liên minh phát triển Distributed Systems tập trung giao lưu giữa các doanh nghiệp xoay quanh distributed systems, smart city.",distributed systems|smart city,https://source.unsplash.com/collection/1163637/960x540?sig=7,2025-05-23T19:07:27.059Z
8849b24b-9caa-49de-bcd1-e7badcfa7006,Câu lạc bộ chia sẻ kinh nghiệm Graph Databases,"Câu lạc bộ chia sẻ kinh nghiệm Graph Databases tập trung cùng nhau làm side project xoay quanh graph databases, product design.",graph databases|product design,https://source.unsplash.com/collection/1163637/960x540?sig=8,2025-01-27T04:55:18.315Z
95e7f0b6-8ff8-45b6-ae24-c70b4ce461b4,Cộng đồng các chuyên gia Smart City,"Cộng đồng các chuyên gia Smart City tập trung giao lưu giữa các doanh nghiệp xoay quanh smart city, llmops.",smart city|llmops,https://source.unsplash.com/collection/1163637/960x540?sig=9,2025-01-30T06:17:42.867Z
2ec54a0d-46cc-44e5-a27c-079477f75afd,Câu lạc bộ chia sẻ kinh nghiệm Big Data,"Câu lạc bộ chia sẻ kinh nghiệm Big Data tập trung xây dựng thư viện tài liệu mở xoay quanh big data, fintech, graph databases, llmops.",big data|fintech|graph databases|llmops,https://source.unsplash.com/collection/1163637/960x540?sig=10,2025-06-20T09:34:48.897Z
08dc7191-e338-4645-bd67-db1d7fd7a688,Liên minh phát triển Data Governance,"Liên minh phát triển Data Governance tập trung thảo luận xu hướng mới xoay quanh data governance, kafka.",data governance|kafka,https://source.unsplash.com/collection/1163637/960x540?sig=11,2024-03-06T00:45:30.655Z
1ec04547-5ab8-4996-9f3b-9f9d9ab0c06c,Hub kết nối dành cho người đam mê Cybersecurity,"Hub kết nối dành cho người đam mê Cybersecurity tập trung giao lưu giữa các doanh nghiệp xoay quanh cybersecurity, data privacy, fintech.",cybersecurity|data privacy|fintech,https://source.unsplash.com/collection/1163637/960x540?sig=12,2025-10-18T19:41:19.169Z
3ccd9b47-591e-469b-86bc-4939c5b0b9c1,Nhóm nghiên cứu chuyên sâu Big Data,"Nhóm nghiên cứu chuyên sâu Big Data tập trung xây dựng thư viện tài liệu mở xoay quanh big data, llmops, azure, machine learning.",big data|llmops|azure|machine learning,https://source.unsplash.com/collection/1163637/960x540?sig=13,2025-01-26T04:52:57.265Z
6a78abc3-cf83-464e-bae7-bf3cba5993dd,Liên minh phát triển Healthtech,"Liên minh phát triển Healthtech tập trung tổ chức workshop định kỳ xoay quanh healthtech, smart city, computer vision, gen ai.",healthtech|smart city|computer vision|gen ai,https://source.unsplash.com/collection/1163637/960x540?sig=14,2023-12-02T06:04:52.871Z
c31fabf2-5f1f-4e9c-836f-82f0ce068312,Không gian mở cho tín đồ Scala,"Không gian mở cho tín đồ Scala tập trung giao lưu giữa các doanh nghiệp xoay quanh scala, blockchain, data privacy, golang.",scala|blockchain|data privacy|golang,https://source.unsplash.com/collection/1163637/960x540?sig=15,2024-07-17T00:22:54.672Z
79a85809-f270-4aff-9ffe-e8aef18d5c71,Nhóm học tập vượt tốc Reinforcement Learning,"Nhóm học tập vượt tốc Reinforcement Learning tập trung chia sẻ case study thực tế xoay quanh reinforcement learning, python, llmops, machine learning.",reinforcement learning|python|llmops|machine learning,https://source.unsplash.com/collection/1163637/960x540?sig=16,2024-09-17T16:15:13.322Z
86e995be-e7da-467e-917f-46d435de92fe,Diễn đàn thảo luận Nosql,"Diễn đàn thảo luận Nosql tập trung chia sẻ case study thực tế xoay quanh nosql, distributed systems, deep learning.",nosql|distributed systems|deep learning,https://source.unsplash.com/collection/1163637/960x540?sig=17,2023-12-31T03:41:18.411Z
008d1ac3-fd66-40ae-9e96-88568c289cf4,Không gian mở cho tín đồ Gen Ai,"Không gian mở cho tín đồ Gen Ai tập trung chia sẻ case study thực tế xoay quanh gen ai, reinforcement learning, computer vision.",gen ai|reinforcement learning|computer vision,https://source.unsplash.com/collection/1163637/960x540?sig=18,2025-07-07T03:00:14.871Z
772b1792-309d-466c-9ab7-6d45d9d1bd8e,Cộng đồng các chuyên gia Hadoop,"Cộng đồng các chuyên gia Hadoop tập trung xây dựng thư viện tài liệu mở xoay quanh hadoop, big data, deep learning.",hadoop|big data|deep learning,https://source.unsplash.com/collection/1163637/960x540?sig=19,2025-05-02T22:04:37.066Z
32e98c21-d413-45ae-99f7-a7e1e11964e2,Nhóm học tập vượt tốc Computer Vision,"Nhóm học tập vượt tốc Computer Vision tập trung hỗ trợ tuyển dụng chất lượng xoay quanh computer vision, gen ai, nosql.",computer vision|gen ai|nosql,https://source.unsplash.com/collection/1163637/960x540?sig=20,2025-05-04T08:58:45.816Z
5b9033e7-3482-4e9c-a373-44a1137c15f4,Không gian mở cho tín đồ Product Design,"Không gian mở cho tín đồ Product Design tập trung giao lưu giữa các doanh nghiệp xoay quanh product design, fintech, healthtech, edge computing.",product design|fintech|healthtech|edge computing,https://source.unsplash.com/collection/1163637/960x540?sig=21,2024-11-06T23:05:01.342Z
8c57fe0c-efc3-49f9-87a7-b4fef8c5eb41,Diễn đàn thảo luận Neo4j,"Diễn đàn thảo luận Neo4j tập trung chia sẻ case study thực tế xoay quanh neo4j, data privacy, gen ai, distributed systems.",neo4j|data privacy|gen ai|distributed systems,https://source.unsplash.com/collection/1163637/960x540?sig=22,2024-02-22T00:37:02.627Z
84ecd6bc-53b0-471f-b91c-e0bcefd9c009,Diễn đàn thảo luận Blockchain,"Diễn đàn thảo luận Blockchain tập trung kết nối mentor - mentee xoay quanh blockchain, data governance.",blockchain|data governance,https://source.unsplash.com/collection/1163637/960x540?sig=23,2024-04-16T09:11:58.624Z
6bb87182-bde2-4389-a5da-0cfffc80ac99,Nhóm học tập vượt tốc Nosql,"Nhóm học tập vượt tốc Nosql tập trung chia sẻ case study thực tế xoay quanh nosql, reinforcement learning, neo4j, scala.",nosql|reinforcement learning|neo4j|scala,https://source.unsplash.com/collection/1163637/960x540?sig=24,2025-08-18T11:18:39.683Z
ebfea80d-8284-4c1a-88ec-8bcb9ac3f162,Nhóm học tập vượt tốc Real-time Analytics,"Nhóm học tập vượt tốc Real-time Analytics tập trung hỗ trợ tuyển dụng chất lượng xoay quanh real-time analytics, smart city, microservices.",real-time analytics|smart city|microservices,https://source.unsplash.com/collection/1163637/960x540?sig=25,2025-09-12T11:19:55.819Z
313e3039-9a91-4e72-878e-b12f3517c1bb,Diễn đàn thảo luận Natural Language Processing,"Diễn đàn thảo luận Natural Language Processing tập trung hỗ trợ tuyển dụng chất lượng xoay quanh natural language processing, aws, data engineering.",natural language processing|aws|data engineering,https://source.unsplash.com/collection/1163637/960x540?sig=26,2024-08-08T03:46:19.882Z
43a148b9-ab21-4796-a4dc-c5d10b31e955,Hub kết nối dành cho người đam mê Natural Language Processing,"Hub kết nối dành cho người đam mê Natural Language Processing tập trung giao lưu giữa các doanh nghiệp xoay quanh natural language processing, aws.",natural language processing|aws,https://source.unsplash.com/collection/1163637/960x540?sig=27,2025-03-03T10:59:56.300Z
a7c50f36-2188-43d7-95d8-adbf0ff9fb6b,Diễn đàn thảo luận Deep Learning,"Diễn đàn thảo luận Deep Learning tập trung giao lưu giữa các doanh nghiệp xoay quanh deep learning, llmops, neo4j, graph databases.",deep learning|llmops|neo4j|graph databases,https://source.unsplash.com/collection/1163637/960x540?sig=28,2024-02-08T09:09:58.759Z
3df4772d-6d09-444f-a10d-73a725815769,Câu lạc bộ chia sẻ kinh nghiệm Etl,"Câu lạc bộ chia sẻ kinh nghiệm Etl tập trung chia sẻ case study thực tế xoay quanh etl, product design, data engineering.",etl|product design|data engineering,https://source.unsplash.com/collection/1163637/960x540?sig=29,2024-03-14T15:22:53.909Z
02dd050f-ac5b-4d38-aef9-0be826a604ac,Diễn đàn thảo luận Computer Vision,"Diễn đàn thảo luận Computer Vision tập trung giao lưu giữa các doanh nghiệp xoay quanh computer vision, scala.",computer vision|scala,https://source.unsplash.com/collection/1163637/960x540?sig=30,2025-09-19T15:51:06.211Z
e64824f8-dbbf-4021-998f-e58b55e19268,Hub kết nối dành cho người đam mê Machine Learning,"Hub kết nối dành cho người đam mê Machine Learning tập trung tổ chức workshop định kỳ xoay quanh machine learning, blockchain, mobile development.",machine learning|blockchain|mobile development,https://source.unsplash.com/collection/1163637/960x540?sig=31,2024-12-13T02:57:25.088Z
7e84a368-bfdb-4904-8d31-95ea280160f1,Nhóm học tập vượt tốc Cybersecurity,"Nhóm học tập vượt tốc Cybersecurity tập trung hỗ trợ tuyển dụng chất lượng xoay quanh cybersecurity, azure, blockchain, gcp.",cybersecurity|azure|blockchain|gcp,https://source.unsplash.com/collection/1163637/960x540?sig=32,2024-05-29T18:02:39.587Z
fa4f7aba-6a88-4b89-9d49-eae12c6f00af,Nhóm học tập vượt tốc Aws,"Nhóm học tập vượt tốc Aws tập trung hỗ trợ tuyển dụng chất lượng xoay quanh aws, hadoop.",aws|hadoop,https://source.unsplash.com/collection/1163637/960x540?sig=33,2024-08-20T08:49:40.064Z
4dbf080a-ed71-4c56-aa79-476af5d54191,Hub kết nối dành cho người đam mê Gen Ai,"Hub kết nối dành cho người đam mê Gen Ai tập trung giao lưu giữa các doanh nghiệp xoay quanh gen ai, edge computing, data privacy, recommendation systems.",gen ai|edge computing|data privacy|recommendation systems,https://source.unsplash.com/collection/1163637/960x540?sig=34,2025-01-29T22:10:25.831Z
e61daece-6bc6-46ce-8095-27c39f60726c,Nhóm học tập vượt tốc Blockchain,"Nhóm học tập vượt tốc Blockchain tập trung hỗ trợ tuyển dụng chất lượng xoay quanh blockchain, information retrieval.",blockchain|information retrieval,https://source.unsplash.com/collection/1163637/960x540?sig=35,2025-06-28T09:19:20.998Z
09febef4-805f-4387-aba7-ea2de41124ed,Cộng đồng các chuyên gia Distributed Systems,"Cộng đồng các chuyên gia Distributed Systems tập trung giao lưu giữa các doanh nghiệp xoay quanh distributed systems, data privacy, nosql, spark.",distributed systems|data privacy|nosql|spark,https://source.unsplash.com/collection/1163637/960x540?sig=36,2024-07-15T02:14:46.226Z
406d14aa-ea8d-44f6-bce6-1ddcac42d4e4,Không gian mở cho tín đồ Data Governance,"Không gian mở cho tín đồ Data Governance tập trung hỗ trợ tuyển dụng chất lượng xoay quanh data governance, gen ai.",data governance|gen ai,https://source.unsplash.com/collection/1163637/960x540?sig=37,2025-02-16T12:52:23.583Z
3b39bc5a-6be2-4c2f-9e5d-02048b3ddb51,Câu lạc bộ chia sẻ kinh nghiệm Information Retrieval,"Câu lạc bộ chia sẻ kinh nghiệm Information Retrieval tập trung kết nối mentor - mentee xoay quanh information retrieval, recommendation systems, kafka, machine learning.",information retrieval|recommendation systems|kafka|machine learning,https://source.unsplash.com/collection/1163637/960x540?sig=38,2024-02-28T19:34:56.799Z
e4266909-c6da-4c4a-8fd3-a9aba7bf79f6,Liên minh phát triển Etl,"Liên minh phát triển Etl tập trung cùng nhau làm side project xoay quanh etl, smart city, azure.",etl|smart city|azure,https://source.unsplash.com/collection/1163637/960x540?sig=39,2024-05-08T20:50:06.181Z
b0159160-7df6-47c6-93c1-b4118081e947,Nhóm học tập vượt tốc Big Data,"Nhóm học tập vượt tốc Big Data tập trung xây dựng thư viện tài liệu mở xoay quanh big data, fintech, deep learning.",big data|fintech|deep learning,https://source.unsplash.com/collection/1163637/960x540?sig=40,2024-10-22T00:40:49.466Z
71b2887e-19c1-4b2e-a8d6-a4b7cc5f1336,Không gian mở cho tín đồ Natural Language Processing,"Không gian mở cho tín đồ Natural Language Processing tập trung tổ chức workshop định kỳ xoay quanh natural language processing, cloud computing, data warehousing.",natural language processing|cloud computing|data warehousing,https://source.unsplash.com/collection/1163637/960x540?sig=41,2025-01-25T06:32:11.781Z
606c4cfd-7061-4bc8-8800-db536158e41a,Nhóm nghiên cứu chuyên sâu Gcp,"Nhóm nghiên cứu chuyên sâu Gcp tập trung tổ chức workshop định kỳ xoay quanh gcp, cloud computing, mobile development, natural language processing.",gcp|cloud computing|mobile development|natural language processing,https://source.unsplash.com/collection/1163637/960x540?sig=42,2025-10-10T06:18:49.416Z
0d614383-4933-4d3c-8506-762b7a60a6b9,Nhóm nghiên cứu chuyên sâu Fintech,"Nhóm nghiên cứu chuyên sâu Fintech tập trung xây dựng thư viện tài liệu mở xoay quanh fintech, spark, healthtech, blockchain.",fintech|spark|healthtech|blockchain,https://source.unsplash.com/collection/1163637/960x540?sig=43,2024-02-20T20:59:01.788Z
3b39b791-c58b-4d60-9ff2-7d8684192796,Câu lạc bộ chia sẻ kinh nghiệm Llmops,"Câu lạc bộ chia sẻ kinh nghiệm Llmops tập trung giao lưu giữa các doanh nghiệp xoay quanh llmops, blockchain, data governance, healthtech.",llmops|blockchain|data governance|healthtech,https://source.unsplash.com/collection/1163637/960x540?sig=44,2024-04-21T12:30:36.658Z
46d2a817-d069-4592-a2d7-e6522387e5e2,Câu lạc bộ chia sẻ kinh nghiệm Fintech,"Câu lạc bộ chia sẻ kinh nghiệm Fintech tập trung thảo luận xu hướng mới xoay quanh fintech, golang, hadoop, product design.",fintech|golang|hadoop|product design,https://source.unsplash.com/collection/1163637/960x540?sig=45,2025-02-07T02:09:58.438Z
8cb32499-c8d8-40b3-8197-cd3969f6da73,Diễn đàn thảo luận Kafka,"Diễn đàn thảo luận Kafka tập trung hỗ trợ tuyển dụng chất lượng xoay quanh kafka, data governance.",kafka|data governance,https://source.unsplash.com/collection/1163637/960x540?sig=46,2024-07-21T06:24:54.268Z
d1da5ed0-fb52-4acc-af5a-ba46f5405278,Diễn đàn thảo luận Distributed Systems,"Diễn đàn thảo luận Distributed Systems tập trung chia sẻ case study thực tế xoay quanh distributed systems, mobile development, prompt engineering, blockchain.",distributed systems|mobile development|prompt engineering|blockchain,https://source.unsplash.com/collection/1163637/960x540?sig=47,2023-11-08T19:17:15.642Z
09d356f9-09d8-46d2-b5ab-7bb0ead5ad8f,Nhóm học tập vượt tốc Information Retrieval,"Nhóm học tập vượt tốc Information Retrieval tập trung thảo luận xu hướng mới xoay quanh information retrieval, data warehousing.",information retrieval|data warehousing,https://source.unsplash.com/collection/1163637/960x540?sig=48,2024-03-28T05:16:49.776Z
67c5d356-d2d3-4c76-a456-4672da8658d0,Câu lạc bộ chia sẻ kinh nghiệm Smart City,"Câu lạc bộ chia sẻ kinh nghiệm Smart City tập trung cùng nhau làm side project xoay quanh smart city, spark, etl, natural language processing.",smart city|spark|etl|natural language processing,https://source.unsplash.com/collection/1163637/960x540?sig=49,2025-07-06T14:38:57.011Z
eb4908c0-c121-48fe-b069-68bb47faf4cf,Nhóm học tập vượt tốc Natural Language Processing,"Nhóm học tập vượt tốc Natural Language Processing tập trung chia sẻ case study thực tế xoay quanh natural language processing, cloud computing.",natural language processing|cloud computing,https://source.unsplash.com/collection/1163637/960x540?sig=50,2025-08-25T12:34:49.190Z
3a40dd86-d036-4e98-94c3-8c147a569967,Nhóm học tập vượt tốc Data Visualization,"Nhóm học tập vượt tốc Data Visualization tập trung tổ chức workshop định kỳ xoay quanh data visualization, microservices, mobile development, smart city.",data visualization|microservices|mobile development|smart city,https://source.unsplash.com/collection/1163637/960x540?sig=51,2025-10-13T20:36:09.913Z
32a4d73c-e556-4882-82d4-9f948199482a,Nhóm học tập vượt tốc Information Retrieval,"Nhóm học tập vượt tốc Information Retrieval tập trung xây dựng thư viện tài liệu mở xoay quanh information retrieval, scala, gen ai, natural language processing.",information retrieval|scala|gen ai|natural language processing,https://source.unsplash.com/collection/1163637/960x540?sig=52,2024-07-07T22:52:28.710Z
ed9fb616-12d1-4ef5-881d-45715dd63ffd,Không gian mở cho tín đồ Cloud Computing,"Không gian mở cho tín đồ Cloud Computing tập trung tổ chức workshop định kỳ xoay quanh cloud computing, kafka, golang.",cloud computing|kafka|golang,https://source.unsplash.com/collection/1163637/960x540?sig=53,2024-09-30T05:15:28.192Z
162a0e5a-d1f6-4592-9a70-59a18437d410,Hub kết nối dành cho người đam mê Python,"Hub kết nối dành cho người đam mê Python tập trung hỗ trợ tuyển dụng chất lượng xoay quanh python, spark, kafka.",python|spark|kafka,https://source.unsplash.com/collection/1163637/960x540?sig=54,2023-12-18T04:16:59.434Z
21a47c4c-4898-48dd-9696-43ee6057ccb8,Liên minh phát triển Gcp,"Liên minh phát triển Gcp tập trung giao lưu giữa các doanh nghiệp xoay quanh gcp, fintech.",gcp|fintech,https://source.unsplash.com/collection/1163637/960x540?sig=55,2024-10-08T12:45:20.004Z
9aaf7199-22ec-4432-b523-35615b15da2d,Liên minh phát triển Data Warehousing,"Liên minh phát triển Data Warehousing tập trung giao lưu giữa các doanh nghiệp xoay quanh data warehousing, python, smart city.",data warehousing|python|smart city,https://source.unsplash.com/collection/1163637/960x540?sig=56,2025-03-02T01:49:34.043Z
401589e2-29a0-4e77-ad61-c950e173c3c0,Cộng đồng các chuyên gia Neo4j,"Cộng đồng các chuyên gia Neo4j tập trung cùng nhau làm side project xoay quanh neo4j, data visualization, llmops, deep learning.",neo4j|data visualization|llmops|deep learning,https://source.unsplash.com/collection/1163637/960x540?sig=57,2024-02-10T14:56:05.303Z
df0c1306-46c0-486a-9d41-d7ab95a39c62,Liên minh phát triển Distributed Systems,"Liên minh phát triển Distributed Systems tập trung chia sẻ case study thực tế xoay quanh distributed systems, nosql.",distributed systems|nosql,https://source.unsplash.com/collection/1163637/960x540?sig=58,2024-06-24T06:58:40.050Z
99ef4f4a-52b8-4128-b945-15a7d9635c29,Không gian mở cho tín đồ Data Visualization,"Không gian mở cho tín đồ Data Visualization tập trung kết nối mentor - mentee xoay quanh data visualization, azure, aws.",data visualization|azure|aws,https://source.unsplash.com/collection/1163637/960x540?sig=59,2024-10-10T20:54:24.667Z
30e84e74-e7c2-4159-9b98-edea6ba07f21,Nhóm nghiên cứu chuyên sâu Data Visualization,"Nhóm nghiên cứu chuyên sâu Data Visualization tập trung kết nối mentor - mentee xoay quanh data visualization, distributed systems, microservices, gen ai.",data visualization|distributed systems|microservices|gen ai,https://source.unsplash.com/collection/1163637/960x540?sig=60,2024-07-14T22:27:31.386Z
d40afa1a-abcd-4d11-8d7f-be0b781c05bd,Câu lạc bộ chia sẻ kinh nghiệm Computer Vision,"Câu lạc bộ chia sẻ kinh nghiệm Computer Vision tập trung thảo luận xu hướng mới xoay quanh computer vision, data engineering.",computer vision|data engineering,https://source.unsplash.com/collection/1163637/960x540?sig=61,2023-11-10T03:56:43.189Z
73e0da93-b6bb-4a88-99f7-38482e14f7ea,Diễn đàn thảo luận Llmops,"Diễn đàn thảo luận Llmops tập trung giao lưu giữa các doanh nghiệp xoay quanh llmops, healthtech.",llmops|healthtech,https://source.unsplash.com/collection/1163637/960x540?sig=62,2023-12-06T19:19:33.484Z
ec622905-1f19-4f78-a060-b8f5ef70c588,Nhóm nghiên cứu chuyên sâu Product Design,"Nhóm nghiên cứu chuyên sâu Product Design tập trung chia sẻ case study thực tế xoay quanh product design, graph databases, data visualization, distributed systems.",product design|graph databases|data visualization|distributed systems,https://source.unsplash.com/collection/1163637/960x540?sig=63,2024-11-16T06:10:53.131Z
04b07051-6e5e-45e9-9517-5faaaa733854,Cộng đồng các chuyên gia Etl,"Cộng đồng các chuyên gia Etl tập trung giao lưu giữa các doanh nghiệp xoay quanh etl, gen ai.",etl|gen ai,https://source.unsplash.com/collection/1163637/960x540?sig=64,2025-10-14T09:36:32.879Z
644dc565-3652-4899-b698-33de7e8b0dfe,Cộng đồng các chuyên gia Scala,"Cộng đồng các chuyên gia Scala tập trung thảo luận xu hướng mới xoay quanh scala, information retrieval, spark, golang.",scala|information retrieval|spark|golang,https://source.unsplash.com/collection/1163637/960x540?sig=65,2023-11-29T03:16:56.596Z
b3719b08-991d-4bc9-9b40-b0d1af151351,Hub kết nối dành cho người đam mê Data Governance,"Hub kết nối dành cho người đam mê Data Governance tập trung giao lưu giữa các doanh nghiệp xoay quanh data governance, aws.",data governance|aws,https://source.unsplash.com/collection/1163637/960x540?sig=66,2024-06-05T16:46:02.575Z
5ccf73ca-0a26-43cb-aa8a-da67678eb010,Diễn đàn thảo luận Graph Databases,"Diễn đàn thảo luận Graph Databases tập trung cùng nhau làm side project xoay quanh graph databases, recommendation systems, data privacy.",graph databases|recommendation systems|data privacy,https://source.unsplash.com/collection/1163637/960x540?sig=67,2025-08-24T09:54:37.450Z
c90b9a66-647b-4db8-9148-0010b3dee503,Liên minh phát triển Data Governance,"Liên minh phát triển Data Governance tập trung chia sẻ case study thực tế xoay quanh data governance, hadoop.",data governance|hadoop,https://source.unsplash.com/collection/1163637/960x540?sig=68,2025-07-05T12:30:17.036Z
51903eea-b231-497a-a05f-1ca55e5fd57c,Liên minh phát triển Blockchain,"Liên minh phát triển Blockchain tập trung xây dựng thư viện tài liệu mở xoay quanh blockchain, azure, natural language processing, mobile development.",blockchain|azure|natural language processing|mobile development,https://source.unsplash.com/collection/1163637/960x540?sig=69,2024-12-11T01:34:37.473Z
75e142b3-264b-431d-a890-0d512aa5ef1f,Liên minh phát triển Microservices,"Liên minh phát triển Microservices tập trung giao lưu giữa các doanh nghiệp xoay quanh microservices, golang, reinforcement learning, recommendation systems.",microservices|golang|reinforcement learning|recommendation systems,https://source.unsplash.com/collection/1163637/960x540?sig=70,2025-09-02T01:21:18.377Z
91a21284-82bb-4c19-a904-c5ebda69d0fd,Nhóm học tập vượt tốc Python,"Nhóm học tập vượt tốc Python tập trung chia sẻ case study thực tế xoay quanh python, recommendation systems.",python|recommendation systems,https://source.unsplash.com/collection/1163637/960x540?sig=71,2025-09-25T02:23:43.809Z
3c041b5d-97ae-438d-b979-9e3454ab546c,Nhóm nghiên cứu chuyên sâu Mobile Development,"Nhóm nghiên cứu chuyên sâu Mobile Development tập trung giao lưu giữa các doanh nghiệp xoay quanh mobile development, big data.",mobile development|big data,https://source.unsplash.com/collection/1163637/960x540?sig=72,2025-10-25T01:43:31.502Z
56d7101d-7592-4051-a438-e82021286894,Không gian mở cho tín đồ Gen Ai,"Không gian mở cho tín đồ Gen Ai tập trung xây dựng thư viện tài liệu mở xoay quanh gen ai, kafka, nosql, data privacy.",gen ai|kafka|nosql|data privacy,https://source.unsplash.com/collection/1163637/960x540?sig=73,2024-04-25T17:12:42.422Z
6421f352-f288-49f4-ac0a-19bdc1986b63,Nhóm nghiên cứu chuyên sâu Azure,"Nhóm nghiên cứu chuyên sâu Azure tập trung hỗ trợ tuyển dụng chất lượng xoay quanh azure, computer vision.",azure|computer vision,https://source.unsplash.com/collection/1163637/960x540?sig=74,2024-04-28T05:09:16.532Z
7fd15811-dcdb-4e74-b6a7-6c1bfd6329aa,Không gian mở cho tín đồ Data Governance,"Không gian mở cho tín đồ Data Governance tập trung hỗ trợ tuyển dụng chất lượng xoay quanh data governance, spark, recommendation systems.",data governance|spark|recommendation systems,https://source.unsplash.com/collection/1163637/960x540?sig=75,2024-03-23T21:30:46.581Z
d3894a42-74d0-4a4e-9532-54287ff2ab0b,Hub kết nối dành cho người đam mê Microservices,"Hub kết nối dành cho người đam mê Microservices tập trung tổ chức workshop định kỳ xoay quanh microservices, machine learning, cloud computing, deep learning.",microservices|machine learning|cloud computing|deep learning,https://source.unsplash.com/collection/1163637/960x540?sig=76,2025-09-02T00:52:57.137Z
896d2e63-8fdc-49c0-af06-095d71099a42,Không gian mở cho tín đồ Recommendation Systems,"Không gian mở cho tín đồ Recommendation Systems tập trung tổ chức workshop định kỳ xoay quanh recommendation systems, data visualization, data warehousing, real-time analytics.",recommendation systems|data visualization|data warehousing|real-time analytics,https://source.unsplash.com/collection/1163637/960x540?sig=77,2024-11-27T14:35:40.952Z
f53f400a-89cf-4e04-a4cc-ee4e4d4385ee,Nhóm nghiên cứu chuyên sâu Golang,"Nhóm nghiên cứu chuyên sâu Golang tập trung kết nối mentor - mentee xoay quanh golang, python, cybersecurity, smart city.",golang|python|cybersecurity|smart city,https://source.unsplash.com/collection/1163637/960x540?sig=78,2024-03-22T00:05:13.279Z
1de9ebd7-34de-42d9-bba5-05162dfa040d,Diễn đàn thảo luận Healthtech,"Diễn đàn thảo luận Healthtech tập trung tổ chức workshop định kỳ xoay quanh healthtech, data privacy, distributed systems.",healthtech|data privacy|distributed systems,https://source.unsplash.com/collection/1163637/960x540?sig=79,2025-04-27T04:51:50.182Z
2b29bd5e-1786-43d2-9d3c-fcf01a37ec0b,Cộng đồng các chuyên gia Smart City,"Cộng đồng các chuyên gia Smart City tập trung tổ chức workshop định kỳ xoay quanh smart city, fintech, product design.",smart city|fintech|product design,https://source.unsplash.com/collection/1163637/960x540?sig=80,2024-09-26T12:46:05.720Z
2357b37f-fe7c-4c93-9709-729e48763ef9,Nhóm nghiên cứu chuyên sâu Data Visualization,"Nhóm nghiên cứu chuyên sâu Data Visualization tập trung xây dựng thư viện tài liệu mở xoay quanh data visualization, cybersecurity.",data visualization|cybersecurity,https://source.unsplash.com/collection/1163637/960x540?sig=81,2024-04-20T15:04:20.750Z
df272e3e-232b-4475-a230-4c97b31ff5b4,Hub kết nối dành cho người đam mê Cloud Computing,"Hub kết nối dành cho người đam mê Cloud Computing tập trung tổ chức workshop định kỳ xoay quanh cloud computing, reinforcement learning.",cloud computing|reinforcement learning,https://source.unsplash.com/collection/1163637/960x540?sig=82,2025-06-22T01:18:31.704Z
9d00126a-7e6e-4112-9df7-eda628a6d768,Cộng đồng các chuyên gia Spark,"Cộng đồng các chuyên gia Spark tập trung chia sẻ case study thực tế xoay quanh spark, neo4j.",spark|neo4j,https://source.unsplash.com/collection/1163637/960x540?sig=83,2024-10-26T01:00:27.793Z
65a806fb-b386-4a88-96e4-d21e28cce1e8,Nhóm nghiên cứu chuyên sâu Data Governance,"Nhóm nghiên cứu chuyên sâu Data Governance tập trung xây dựng thư viện tài liệu mở xoay quanh data governance, edge computing.",data governance|edge computing,https://source.unsplash.com/collection/1163637/960x540?sig=84,2025-05-28T11:39:44.130Z
ae5936b9-c851-4e86-a4b2-99d4cf4655b4,Câu lạc bộ chia sẻ kinh nghiệm Information Retrieval,"Câu lạc bộ chia sẻ kinh nghiệm Information Retrieval tập trung cùng nhau làm side project xoay quanh information retrieval, product design.",information retrieval|product design,https://source.unsplash.com/collection/1163637/960x540?sig=85,2024-12-17T11:10:29.572Z
7d88bd92-7a58-4c4b-9d15-f16c6b8f2237,Nhóm học tập vượt tốc Hadoop,"Nhóm học tập vượt tốc Hadoop tập trung hỗ trợ tuyển dụng chất lượng xoay quanh hadoop, natural language processing, spark, graph databases.",hadoop|natural language processing|spark|graph databases,https://source.unsplash.com/collection/1163637/960x540?sig=86,2025-06-18T17:00:24.886Z
cbf8b638-0cde-4637-b2bf-3a4c0e76cde6,Diễn đàn thảo luận Neo4j,"Diễn đàn thảo luận Neo4j tập trung thảo luận xu hướng mới xoay quanh neo4j, big data.",neo4j|big data,https://source.unsplash.com/collection/1163637/960x540?sig=87,2025-07-17T09:36:55.552Z
dd2d6401-c2e4-4335-87a4-315290037d6c,Nhóm học tập vượt tốc Fintech,"Nhóm học tập vượt tốc Fintech tập trung cùng nhau làm side project xoay quanh fintech, gcp, gen ai, mobile development.",fintech|gcp|gen ai|mobile development,https://source.unsplash.com/collection/1163637/960x540?sig=88,2024-10-17T04:07:10.384Z
220c26a4-f376-4c20-9983-f42020d9bbea,Cộng đồng các chuyên gia Nosql,"Cộng đồng các chuyên gia Nosql tập trung tổ chức workshop định kỳ xoay quanh nosql, deep learning, data warehousing.",nosql|deep learning|data warehousing,https://source.unsplash.com/collection/1163637/960x540?sig=89,2025-10-17T17:43:10.493Z
ecc96cc3-3c3a-49e0-b402-fb1ca872f147,Diễn đàn thảo luận Python,"Diễn đàn thảo luận Python tập trung tổ chức workshop định kỳ xoay quanh python, cloud computing, etl.",python|cloud computing|etl,https://source.unsplash.com/collection/1163637/960x540?sig=90,2025-05-01T07:57:59.515Z
93ff652c-c413-4877-a6b3-4878628f62f7,Nhóm học tập vượt tốc Microservices,"Nhóm học tập vượt tốc Microservices tập trung cùng nhau làm side project xoay quanh microservices, graph databases.",microservices|graph databases,https://source.unsplash.com/collection/1163637/960x540?sig=91,2024-08-10T14:59:19.033Z
44c53f98-d632-490e-8725-8630959aa6e8,Không gian mở cho tín đồ Data Warehousing,"Không gian mở cho tín đồ Data Warehousing tập trung chia sẻ case study thực tế xoay quanh data warehousing, nosql, golang, data engineering.",data warehousing|nosql|golang|data engineering,https://source.unsplash.com/collection/1163637/960x540?sig=92,2025-06-23T04:37:30.482Z
113867a2-9fa0-41ec-a168-56d6d239e44f,Cộng đồng các chuyên gia Python,"Cộng đồng các chuyên gia Python tập trung tổ chức workshop định kỳ xoay quanh python, deep learning, edge computing, neo4j.",python|deep learning|edge computing|neo4j,https://source.unsplash.com/collection/1163637/960x540?sig=93,2024-10-29T18:35:31.460Z
82484cc5-2614-48b9-adae-55ec89f6a3f5,Diễn đàn thảo luận Nosql,"Diễn đàn thảo luận Nosql tập trung tổ chức workshop định kỳ xoay quanh nosql, data warehousing, kafka, spark.",nosql|data warehousing|kafka|spark,https://source.unsplash.com/collection/1163637/960x540?sig=94,2025-07-16T07:17:11.169Z
f0dde34d-540d-4ce4-84e2-73f3d68cd079,Liên minh phát triển Deep Learning,"Liên minh phát triển Deep Learning tập trung tổ chức workshop định kỳ xoay quanh deep learning, graph databases.",deep learning|graph databases,https://source.unsplash.com/collection/1163637/960x540?sig=95,2024-09-27T23:38:24.882Z
c9eaf06d-3ca9-41d7-aa98-bdf5349679c2,Nhóm nghiên cứu chuyên sâu Spark,"Nhóm nghiên cứu chuyên sâu Spark tập trung thảo luận xu hướng mới xoay quanh spark, gcp, llmops.",spark|gcp|llmops,https://source.unsplash.com/collection/1163637/960x540?sig=96,2025-05-13T16:30:03.485Z
d0cf9fe5-106d-43a7-94a4-25defafc9ab2,Không gian mở cho tín đồ Graph Databases,"Không gian mở cho tín đồ Graph Databases tập trung giao lưu giữa các doanh nghiệp xoay quanh graph databases, recommendation systems, azure, gen ai.",graph databases|recommendation systems|azure|gen ai,https://source.unsplash.com/collection/1163637/960x540?sig=97,2024-12-11T13:24:03.126Z
d1016aeb-1179-4b64-adc4-b599255691e7,Cộng đồng các chuyên gia Recommendation Systems,"Cộng đồng các chuyên gia Recommendation Systems tập trung giao lưu giữa các doanh nghiệp xoay quanh recommendation systems, azure.",recommendation systems|azure,https://source.unsplash.com/collection/1163637/960x540?sig=98,2024-08-19T20:15:46.819Z
6497b899-2611-4f71-9293-c1485c2e342f,Nhóm nghiên cứu chuyên sâu Kafka,"Nhóm nghiên cứu chuyên sâu Kafka tập trung cùng nhau làm side project xoay quanh kafka, data governance, llmops.",kafka|data governance|llmops,https://source.unsplash.com/collection/1163637/960x540?sig=99,2024-12-13T17:09:01.546Z
902ec522-8294-4713-9b07-4c8b27ad10fe,Hub kết nối dành cho người đam mê Healthtech,"Hub kết nối dành cho người đam mê Healthtech tập trung giao lưu giữa các doanh nghiệp xoay quanh healthtech, hadoop, etl.",healthtech|hadoop|etl,https://source.unsplash.com/collection/1163637/960x540?sig=100,2025-02-03T04:04:14.504Z
8e5d1498-791f-4c66-8f7f-128128f36fbb,Nhóm học tập vượt tốc Gen Ai,"Nhóm học tập vượt tốc Gen Ai tập trung cùng nhau làm side project xoay quanh gen ai, prompt engineering, recommendation systems.",gen ai|prompt engineering|recommendation systems,https://source.unsplash.com/collection/1163637/960x540?sig=101,2025-02-23T12:45:56.677Z
678c53cd-ab93-4bf3-9d00-1d8ad7c875e0,Nhóm nghiên cứu chuyên sâu Cloud Computing,"Nhóm nghiên cứu chuyên sâu Cloud Computing tập trung chia sẻ case study thực tế xoay quanh cloud computing, mobile development.",cloud computing|mobile development,https://source.unsplash.com/collection/1163637/960x540?sig=102,2024-10-28T11:56:02.569Z
b097abbd-966e-45b7-bcc0-5246d1e76686,Không gian mở cho tín đồ Golang,"Không gian mở cho tín đồ Golang tập trung thảo luận xu hướng mới xoay quanh golang, prompt engineering, blockchain, microservices.",golang|prompt engineering|blockchain|microservices,https://source.unsplash.com/collection/1163637/960x540?sig=103,2023-12-01T09:19:32.085Z
397b5ce2-8f4b-4216-b44f-8dd713402687,Câu lạc bộ chia sẻ kinh nghiệm Data Engineering,"Câu lạc bộ chia sẻ kinh nghiệm Data Engineering tập trung xây dựng thư viện tài liệu mở xoay quanh data engineering, information retrieval, distributed systems, natural language processing.",data engineering|information retrieval|distributed systems|natural language processing,https://source.unsplash.com/collection/1163637/960x540?sig=104,2023-12-25T14:55:56.799Z
2f649a81-a583-462e-bdd3-4771d64e5bf6,Nhóm học tập vượt tốc Llmops,"Nhóm học tập vượt tốc Llmops tập trung thảo luận xu hướng mới xoay quanh llmops, azure.",llmops|azure,https://source.unsplash.com/collection/1163637/960x540?sig=105,2023-11-22T05:51:50.188Z
d1fe80e0-d662-42be-8c43-f3ddde0032cf,Diễn đàn thảo luận Aws,"Diễn đàn thảo luận Aws tập trung kết nối mentor - mentee xoay quanh aws, cybersecurity, recommendation systems, machine learning.",aws|cybersecurity|recommendation systems|machine learning,https://source.unsplash.com/collection/1163637/960x540?sig=106,2025-03-29T12:50:03.655Z
bb77038b-9e83-4da1-a2ba-0c1b5ebd9161,Câu lạc bộ chia sẻ kinh nghiệm Product Design,"Câu lạc bộ chia sẻ kinh nghiệm Product Design tập trung tổ chức workshop định kỳ xoay quanh product design, machine learning, real-time analytics.",product design|machine learning|real-time analytics,https://source.unsplash.com/collection/1163637/960x540?sig=107,2025-06-07T16:51:25.224Z
63d15316-0cb5-41b3-94f0-d5a933ca43a9,Cộng đồng các chuyên gia Information Retrieval,"Cộng đồng các chuyên gia Information Retrieval tập trung thảo luận xu hướng mới xoay quanh information retrieval, blockchain.",information retrieval|blockchain,https://source.unsplash.com/collection/1163637/960x540?sig=108,2025-05-17T07:28:53.387Z
8adc378f-2e31-4ea2-84b6-83f99e8d7b72,Hub kết nối dành cho người đam mê Natural Language Processing,"Hub kết nối dành cho người đam mê Natural Language Processing tập trung kết nối mentor - mentee xoay quanh natural language processing, cloud computing.",natural language processing|cloud computing,https://source.unsplash.com/collection/1163637/960x540?sig=109,2025-10-24T03:43:29.828Z
35ecba6a-d759-45be-aa1c-353c0639c6b7,Cộng đồng các chuyên gia Prompt Engineering,"Cộng đồng các chuyên gia Prompt Engineering tập trung cùng nhau làm side project xoay quanh prompt engineering, distributed systems, neo4j, gen ai.",prompt engineering|distributed systems|neo4j|gen ai,https://source.unsplash.com/collection/1163637/960x540?sig=110,2025-07-26T01:09:59.811Z
966c0627-9b42-4500-b7a2-60d12c6acd79,Câu lạc bộ chia sẻ kinh nghiệm Graph Databases,"Câu lạc bộ chia sẻ kinh nghiệm Graph Databases tập trung cùng nhau làm side project xoay quanh graph databases, azure, natural language processing, information retrieval.",graph databases|azure|natural language processing|information retrieval,https://source.unsplash.com/collection/1163637/960x540?sig=111,2024-04-10T00:23:17.661Z
4f37ff49-59c1-494a-93ca-e13d6e475d93,Câu lạc bộ chia sẻ kinh nghiệm Gen Ai,"Câu lạc bộ chia sẻ kinh nghiệm Gen Ai tập trung giao lưu giữa các doanh nghiệp xoay quanh gen ai, python.",gen ai|python,https://source.unsplash.com/collection/1163637/960x540?sig=112,2024-08-07T14:07:23.907Z
0a0a9a84-fc29-4be8-bee9-af9f85a2a047,Liên minh phát triển Mobile Development,"Liên minh phát triển Mobile Development tập trung cùng nhau làm side project xoay quanh mobile development, nosql.",mobile development|nosql,https://source.unsplash.com/collection/1163637/960x540?sig=113,2024-01-13T19:10:00.946Z
2392bc6a-4035-46e6-9306-cfd85864bdbe,Hub kết nối dành cho người đam mê Product Design,"Hub kết nối dành cho người đam mê Product Design tập trung thảo luận xu hướng mới xoay quanh product design, distributed systems.",product design|distributed systems,https://source.unsplash.com/collection/1163637/960x540?sig=114,2024-03-04T17:49:28.623Z
2db29d0c-02f6-4562-ac21-9b0882dd55c1,Hub kết nối dành cho người đam mê Hadoop,"Hub kết nối dành cho người đam mê Hadoop tập trung kết nối mentor - mentee xoay quanh hadoop, cybersecurity, edge computing, aws.",hadoop|cybersecurity|edge computing|aws,https://source.unsplash.com/collection/1163637/960x540?sig=115,2024-11-16T07:44:54.233Z
e4b765ee-1f3c-4a74-b8a8-98665960e60c,Nhóm học tập vượt tốc Smart City,"Nhóm học tập vượt tốc Smart City tập trung hỗ trợ tuyển dụng chất lượng xoay quanh smart city, big data.",smart city|big data,https://source.unsplash.com/collection/1163637/960x540?sig=116,2025-06-06T05:45:20.893Z
30a8b257-4324-4552-a9e2-e1923a8d3edc,Liên minh phát triển Gen Ai,"Liên minh phát triển Gen Ai tập trung kết nối mentor - mentee xoay quanh gen ai, etl, llmops, deep learning.",gen ai|etl|llmops|deep learning,https://source.unsplash.com/collection/1163637/960x540?sig=117,2024-11-22T09:00:38.702Z
02a19105-9f77-47ac-afbc-c3c94b42bf10,Hub kết nối dành cho người đam mê Cloud Computing,"Hub kết nối dành cho người đam mê Cloud Computing tập trung hỗ trợ tuyển dụng chất lượng xoay quanh cloud computing, gen ai, computer vision.",cloud computing|gen ai|computer vision,https://source.unsplash.com/collection/1163637/960x540?sig=118,2023-11-24T07:08:19.472Z
3bd631d0-f401-428f-90ca-7fcad699c45a,Diễn đàn thảo luận Distributed Systems,"Diễn đàn thảo luận Distributed Systems tập trung kết nối mentor - mentee xoay quanh distributed systems, machine learning.",distributed systems|machine learning,https://source.unsplash.com/collection/1163637/960x540?sig=119,2024-07-10T04:25:16.394Z
e5bbd13c-73ca-47b1-99db-e05aa0a3f7fd,Câu lạc bộ chia sẻ kinh nghiệm Scala,"Câu lạc bộ chia sẻ kinh nghiệm Scala tập trung cùng nhau làm side project xoay quanh scala, recommendation systems, spark.",scala|recommendation systems|spark,https://source.unsplash.com/collection/1163637/960x540?sig=120,2024-06-23T05:15:41.015Z
e5e0ac6f-e559-4e66-a9dc-35910049d81f,Liên minh phát triển Natural Language Processing,"Liên minh phát triển Natural Language Processing tập trung chia sẻ case study thực tế xoay quanh natural language processing, healthtech, big data, etl.",natural language processing|healthtech|big data|etl,https://source.unsplash.com/collection/1163637/960x540?sig=121,2025-05-17T11:21:58.523Z
c18ae227-22af-4209-a774-87c73cf00f3b,Hub kết nối dành cho người đam mê Information Retrieval,"Hub kết nối dành cho người đam mê Information Retrieval tập trung cùng nhau làm side project xoay quanh information retrieval, gcp.",information retrieval|gcp,https://source.unsplash.com/collection/1163637/960x540?sig=122,2023-12-19T07:16:06.772Z
e9a66046-5c06-424a-bbb5-ab7d7a4b3fe8,Không gian mở cho tín đồ Computer Vision,"Không gian mở cho tín đồ Computer Vision tập trung cùng nhau làm side project xoay quanh computer vision, data privacy.",computer vision|data privacy,https://source.unsplash.com/collection/1163637/960x540?sig=123,2025-02-01T16:36:23.247Z
30f3aa70-48ee-413c-b260-6f8d06243009,Hub kết nối dành cho người đam mê Prompt Engineering,"Hub kết nối dành cho người đam mê Prompt Engineering tập trung tổ chức workshop định kỳ xoay quanh prompt engineering, computer vision.",prompt engineering|computer vision,https://source.unsplash.com/collection/1163637/960x540?sig=124,2024-01-09T13:32:25.222Z
1f106440-9841-47e3-9538-1bcfc1d00296,Diễn đàn thảo luận Nosql,"Diễn đàn thảo luận Nosql tập trung giao lưu giữa các doanh nghiệp xoay quanh nosql, aws, spark.",nosql|aws|spark,https://source.unsplash.com/collection/1163637/960x540?sig=125,2024-09-26T23:58:10.229Z
92322872-3ab8-4b6c-91ec-81681100839b,Nhóm nghiên cứu chuyên sâu Kafka,"Nhóm nghiên cứu chuyên sâu Kafka tập trung cùng nhau làm side project xoay quanh kafka, golang, hadoop.",kafka|golang|hadoop,https://source.unsplash.com/collection/1163637/960x540?sig=126,2025-03-03T08:01:32.202Z
d68ae988-2cd1-483e-a650-e74ad7fdc018,Không gian mở cho tín đồ Deep Learning,"Không gian mở cho tín đồ Deep Learning tập trung hỗ trợ tuyển dụng chất lượng xoay quanh deep learning, data privacy.",deep learning|data privacy,https://source.unsplash.com/collection/1163637/960x540?sig=127,2025-01-27T22:00:22.985Z
48194ff5-bd18-48e6-a4f7-dbddf56a64c6,Nhóm nghiên cứu chuyên sâu Cloud Computing,"Nhóm nghiên cứu chuyên sâu Cloud Computing tập trung cùng nhau làm side project xoay quanh cloud computing, gen ai, real-time analytics, deep learning.",cloud computing|gen ai|real-time analytics|deep learning,https://source.unsplash.com/collection/1163637/960x540?sig=128,2025-08-17T21:40:04.110Z
7fabda89-8e8c-4866-97a4-8015d39080c1,Nhóm học tập vượt tốc Golang,"Nhóm học tập vượt tốc Golang tập trung giao lưu giữa các doanh nghiệp xoay quanh golang, blockchain, spark, deep learning.",golang|blockchain|spark|deep learning,https://source.unsplash.com/collection/1163637/960x540?sig=129,2024-10-23T06:04:26.481Z
f3f839f6-d60c-42d9-bdf1-904bc03af73e,Hub kết nối dành cho người đam mê Real-time Analytics,"Hub kết nối dành cho người đam mê Real-time Analytics tập trung kết nối mentor - mentee xoay quanh real-time analytics, gen ai, blockchain, edge computing.",real-time analytics|gen ai|blockchain|edge computing,https://source.unsplash.com/collection/1163637/960x540?sig=130,2025-09-03T17:50:23.334Z
53cf840d-b99b-42a4-8e3c-2aae3eb15049,Hub kết nối dành cho người đam mê Data Engineering,"Hub kết nối dành cho người đam mê Data Engineering tập trung cùng nhau làm side project xoay quanh data engineering, llmops, python, graph databases.",data engineering|llmops|python|graph databases,https://source.unsplash.com/collection/1163637/960x540?sig=131,2025-01-08T18:03:27.474Z
6bc75e17-f454-4594-8e19-86fa6a35e45f,Không gian mở cho tín đồ Product Design,"Không gian mở cho tín đồ Product Design tập trung kết nối mentor - mentee xoay quanh product design, data privacy.",product design|data privacy,https://source.unsplash.com/collection/1163637/960x540?sig=132,2025-03-30T19:40:57.953Z
1c8b055d-fd26-4fc5-92fb-86e1c86d1a52,Câu lạc bộ chia sẻ kinh nghiệm Fintech,"Câu lạc bộ chia sẻ kinh nghiệm Fintech tập trung giao lưu giữa các doanh nghiệp xoay quanh fintech, smart city.",fintech|smart city,https://source.unsplash.com/collection/1163637/960x540?sig=133,2025-02-17T11:51:14.536Z
c6dcafeb-148f-4240-aed0-5a595c341888,Liên minh phát triển Data Governance,"Liên minh phát triển Data Governance tập trung tổ chức workshop định kỳ xoay quanh data governance, golang, computer vision.",data governance|golang|computer vision,https://source.unsplash.com/collection/1163637/960x540?sig=134,2023-12-02T05:12:06.287Z
b8c172f2-9e38-4cb7-8fc8-7dadc7eb2e3c,Không gian mở cho tín đồ Computer Vision,"Không gian mở cho tín đồ Computer Vision tập trung chia sẻ case study thực tế xoay quanh computer vision, cloud computing, data visualization.",computer vision|cloud computing|data visualization,https://source.unsplash.com/collection/1163637/960x540?sig=135,2024-01-14T21:03:18.245Z
67e9e0a3-4357-439b-abe8-eca2372c2b65,Không gian mở cho tín đồ Deep Learning,"Không gian mở cho tín đồ Deep Learning tập trung xây dựng thư viện tài liệu mở xoay quanh deep learning, information retrieval.",deep learning|information retrieval,https://source.unsplash.com/collection/1163637/960x540?sig=136,2024-08-05T22:47:51.195Z
455a4115-abb5-42ce-965e-5229aad0dfbb,Cộng đồng các chuyên gia Data Visualization,"Cộng đồng các chuyên gia Data Visualization tập trung kết nối mentor - mentee xoay quanh data visualization, product design, blockchain.",data visualization|product design|blockchain,https://source.unsplash.com/collection/1163637/960x540?sig=137,2023-11-28T05:54:53.329Z
f91262c9-9b54-45b9-83ab-8e1728a55feb,Nhóm nghiên cứu chuyên sâu Blockchain,"Nhóm nghiên cứu chuyên sâu Blockchain tập trung xây dựng thư viện tài liệu mở xoay quanh blockchain, cloud computing.",blockchain|cloud computing,https://source.unsplash.com/collection/1163637/960x540?sig=138,2024-11-18T00:27:11.904Z
cbfa7f36-7ca3-47cc-b80d-6bc04074b8de,Cộng đồng các chuyên gia Information Retrieval,"Cộng đồng các chuyên gia Information Retrieval tập trung xây dựng thư viện tài liệu mở xoay quanh information retrieval, product design, data warehousing, real-time analytics.",information retrieval|product design|data warehousing|real-time analytics,https://source.unsplash.com/collection/1163637/960x540?sig=139,2024-02-08T13:57:42.802Z
eba73a8b-9daa-47d7-9424-69ace6fd8940,Diễn đàn thảo luận Prompt Engineering,"Diễn đàn thảo luận Prompt Engineering tập trung thảo luận xu hướng mới xoay quanh prompt engineering, spark.",prompt engineering|spark,https://source.unsplash.com/collection/1163637/960x540?sig=140,2025-01-26T20:15:25.015Z
0fd39dff-56a1-4a45-94e8-327efd4c52ad,Diễn đàn thảo luận Prompt Engineering,"Diễn đàn thảo luận Prompt Engineering tập trung chia sẻ case study thực tế xoay quanh prompt engineering, kafka.",prompt engineering|kafka,https://source.unsplash.com/collection/1163637/960x540?sig=141,2025-07-01T12:47:47.300Z
80358fe4-a699-4636-a3de-62f0f28d9853,Câu lạc bộ chia sẻ kinh nghiệm Nosql,"Câu lạc bộ chia sẻ kinh nghiệm Nosql tập trung kết nối mentor - mentee xoay quanh nosql, big data.",nosql|big data,https://source.unsplash.com/collection/1163637/960x540?sig=142,2024-09-13T19:23:42.198Z
fe85a660-2939-44f7-ae28-cf30cbb3ebeb,Diễn đàn thảo luận Distributed Systems,"Diễn đàn thảo luận Distributed Systems tập trung thảo luận xu hướng mới xoay quanh distributed systems, mobile development, big data, smart city.",distributed systems|mobile development|big data|smart city,https://source.unsplash.com/collection/1163637/960x540?sig=143,2025-03-17T05:38:57.069Z
d9487234-b807-496a-8b35-97511b341f64,Cộng đồng các chuyên gia Data Governance,"Cộng đồng các chuyên gia Data Governance tập trung chia sẻ case study thực tế xoay quanh data governance, product design, gen ai.",data governance|product design|gen ai,https://source.unsplash.com/collection/1163637/960x540?sig=144,2024-09-08T02:40:53.204Z
fb587c97-d054-495e-bab0-8316c288df7b,Diễn đàn thảo luận Data Warehousing,"Diễn đàn thảo luận Data Warehousing tập trung cùng nhau làm side project xoay quanh data warehousing, data visualization, gen ai.",data warehousing|data visualization|gen ai,https://source.unsplash.com/collection/1163637/960x540?sig=145,2024-02-03T09:38:41.067Z
10b3dc08-9e4b-44d9-8b36-0d391a11babe,Không gian mở cho tín đồ Natural Language Processing,"Không gian mở cho tín đồ Natural Language Processing tập trung chia sẻ case study thực tế xoay quanh natural language processing, blockchain, kafka, graph databases.",natural language processing|blockchain|kafka|graph databases,https://source.unsplash.com/collection/1163637/960x540?sig=146,2024-12-01T13:48:18.672Z
ca625c73-e892-4816-b65c-98eeedfc0e57,Cộng đồng các chuyên gia Llmops,"Cộng đồng các chuyên gia Llmops tập trung hỗ trợ tuyển dụng chất lượng xoay quanh llmops, gen ai.",llmops|gen ai,https://source.unsplash.com/collection/1163637/960x540?sig=147,2025-06-01T01:40:22.801Z
71cc225f-c2f2-45d4-b256-8c979040fba1,Diễn đàn thảo luận Cybersecurity,"Diễn đàn thảo luận Cybersecurity tập trung cùng nhau làm side project xoay quanh cybersecurity, recommendation systems.",cybersecurity|recommendation systems,https://source.unsplash.com/collection/1163637/960x540?sig=148,2024-10-03T18:23:49.955Z
1ef9ef0a-df7a-4f59-9f85-17e3b0334304,Cộng đồng các chuyên gia Healthtech,"Cộng đồng các chuyên gia Healthtech tập trung giao lưu giữa các doanh nghiệp xoay quanh healthtech, golang, big data.",healthtech|golang|big data,https://source.unsplash.com/collection/1163637/960x540?sig=149,2024-08-01T18:50:32.731Z
e61e8725-614f-4e9f-b84f-4eab89337709,Câu lạc bộ chia sẻ kinh nghiệm Deep Learning,"Câu lạc bộ chia sẻ kinh nghiệm Deep Learning tập trung hỗ trợ tuyển dụng chất lượng xoay quanh deep learning, cloud computing, machine learning.",deep learning|cloud computing|machine learning,https://source.unsplash.com/collection/1163637/960x540?sig=150,2023-11-30T12:23:27.156Z
13166530-6c6c-4aeb-806a-dfdd9600c7d8,Nhóm nghiên cứu chuyên sâu Python,"Nhóm nghiên cứu chuyên sâu Python tập trung chia sẻ case study thực tế xoay quanh python, recommendation systems, computer vision, nosql.",python|recommendation systems|computer vision|nosql,https://source.unsplash.com/collection/1163637/960x540?sig=151,2025-06-10T21:05:44.923Z
b9bfc6b8-8b63-4fc3-92fe-3bd6d852193a,Nhóm nghiên cứu chuyên sâu Aws,"Nhóm nghiên cứu chuyên sâu Aws tập trung kết nối mentor - mentee xoay quanh aws, machine learning.",aws|machine learning,https://source.unsplash.com/collection/1163637/960x540?sig=152,2023-12-13T09:06:00.129Z
8aff54be-8f5b-4f57-8378-08fb1a394578,Diễn đàn thảo luận Information Retrieval,"Diễn đàn thảo luận Information Retrieval tập trung xây dựng thư viện tài liệu mở xoay quanh information retrieval, microservices.",information retrieval|microservices,https://source.unsplash.com/collection/1163637/960x540?sig=153,2024-09-14T02:10:07.113Z
b1bae5c4-32d2-4c9c-a52b-9dae5e81fac1,Hub kết nối dành cho người đam mê Etl,"Hub kết nối dành cho người đam mê Etl tập trung kết nối mentor - mentee xoay quanh etl, blockchain, fintech, prompt engineering.",etl|blockchain|fintech|prompt engineering,https://source.unsplash.com/collection/1163637/960x540?sig=154,2025-01-03T22:07:02.725Z
00a13939-f5de-4df3-b257-cfb7a16d0d1c,Diễn đàn thảo luận Hadoop,"Diễn đàn thảo luận Hadoop tập trung hỗ trợ tuyển dụng chất lượng xoay quanh hadoop, graph databases, azure, data warehousing.",hadoop|graph databases|azure|data warehousing,https://source.unsplash.com/collection/1163637/960x540?sig=155,2024-01-20T02:43:01.722Z
4f79f2ec-14d0-43c7-a91d-048d0ed9d77f,Cộng đồng các chuyên gia Mobile Development,"Cộng đồng các chuyên gia Mobile Development tập trung cùng nhau làm side project xoay quanh mobile development, data warehousing, deep learning, data privacy.",mobile development|data warehousing|deep learning|data privacy,https://source.unsplash.com/collection/1163637/960x540?sig=156,2024-04-29T18:33:04.730Z
77b83e1a-236e-44b2-98b0-c9353b714550,Cộng đồng các chuyên gia Data Privacy,"Cộng đồng các chuyên gia Data Privacy tập trung hỗ trợ tuyển dụng chất lượng xoay quanh data privacy, neo4j.",data privacy|neo4j,https://source.unsplash.com/collection/1163637/960x540?sig=157,2024-01-06T16:43:48.607Z
4cfb5e90-75ae-41e3-b748-05b5aa5fadfa,Nhóm nghiên cứu chuyên sâu Machine Learning,"Nhóm nghiên cứu chuyên sâu Machine Learning tập trung hỗ trợ tuyển dụng chất lượng xoay quanh machine learning, distributed systems, smart city, data privacy.",machine learning|distributed systems|smart city|data privacy,https://source.unsplash.com/collection/1163637/960x540?sig=158,2025-01-07T10:48:32.263Z
8a5975dc-3e22-48b5-b1c4-b190cfc1e133,Nhóm học tập vượt tốc Computer Vision,"Nhóm học tập vượt tốc Computer Vision tập trung tổ chức workshop định kỳ xoay quanh computer vision, hadoop, scala.",computer vision|hadoop|scala,https://source.unsplash.com/collection/1163637/960x540?sig=159,2024-04-25T17:35:38.214Z
f63d3765-497c-4dc2-81f6-5d84758652e9,Cộng đồng các chuyên gia Reinforcement Learning,"Cộng đồng các chuyên gia Reinforcement Learning tập trung hỗ trợ tuyển dụng chất lượng xoay quanh reinforcement learning, big data.",reinforcement learning|big data,https://source.unsplash.com/collection/1163637/960x540?sig=160,2024-08-05T09:56:19.415Z
6fab6197-16c3-43a4-b9d2-a978639796d9,Liên minh phát triển Deep Learning,"Liên minh phát triển Deep Learning tập trung kết nối mentor - mentee xoay quanh deep learning, neo4j, gcp.",deep learning|neo4j|gcp,https://source.unsplash.com/collection/1163637/960x540?sig=161,2023-12-26T10:57:55.518Z
e4a8c9a3-6c5e-4cba-bd72-a1ea2d0c73b8,Cộng đồng các chuyên gia Recommendation Systems,"Cộng đồng các chuyên gia Recommendation Systems tập trung tổ chức workshop định kỳ xoay quanh recommendation systems, natural language processing.",recommendation systems|natural language processing,https://source.unsplash.com/collection/1163637/960x540?sig=162,2023-11-24T00:05:15.472Z
6997a887-cf2d-436c-bbc5-79c1c981bfb3,Liên minh phát triển Deep Learning,"Liên minh phát triển Deep Learning tập trung kết nối mentor - mentee xoay quanh deep learning, data warehousing, data governance, hadoop.",deep learning|data warehousing|data governance|hadoop,https://source.unsplash.com/collection/1163637/960x540?sig=163,2024-02-06T21:47:44.654Z
772f5315-96e1-4ffc-85f8-7d465cf8dabb,Nhóm nghiên cứu chuyên sâu Computer Vision,"Nhóm nghiên cứu chuyên sâu Computer Vision tập trung chia sẻ case study thực tế xoay quanh computer vision, azure, data visualization.",computer vision|azure|data visualization,https://source.unsplash.com/collection/1163637/960x540?sig=164,2024-10-01T11:35:37.001Z
3b7f01d2-b506-45a4-9964-294a350e8e3d,Nhóm học tập vượt tốc Graph Databases,"Nhóm học tập vượt tốc Graph Databases tập trung xây dựng thư viện tài liệu mở xoay quanh graph databases, big data, blockchain, kafka.",graph databases|big data|blockchain|kafka,https://source.unsplash.com/collection/1163637/960x540?sig=165,2024-07-25T13:47:01.759Z
ddc47249-0161-4d4e-9783-caa996a896b7,Câu lạc bộ chia sẻ kinh nghiệm Fintech,"Câu lạc bộ chia sẻ kinh nghiệm Fintech tập trung thảo luận xu hướng mới xoay quanh fintech, nosql, gen ai.",fintech|nosql|gen ai,https://source.unsplash.com/collection/1163637/960x540?sig=166,2024-12-14T18:00:43.584Z
cba8c6ad-8949-4acc-87b9-b17fea7d0407,Câu lạc bộ chia sẻ kinh nghiệm Spark,"Câu lạc bộ chia sẻ kinh nghiệm Spark tập trung thảo luận xu hướng mới xoay quanh spark, product design.",spark|product design,https://source.unsplash.com/collection/1163637/960x540?sig=167,2024-08-02T16:34:04.908Z
67e7f8ba-03a1-4a5e-ad66-0925ff98f602,Nhóm học tập vượt tốc Data Privacy,"Nhóm học tập vượt tốc Data Privacy tập trung hỗ trợ tuyển dụng chất lượng xoay quanh data privacy, gcp, azure.",data privacy|gcp|azure,https://source.unsplash.com/collection/1163637/960x540?sig=168,2025-08-08T14:41:43.196Z
a4ab5941-99bf-41df-9842-01de8fc15bb0,Liên minh phát triển Etl,"Liên minh phát triển Etl tập trung tổ chức workshop định kỳ xoay quanh etl, blockchain, healthtech, mobile development.",etl|blockchain|healthtech|mobile development,https://source.unsplash.com/collection/1163637/960x540?sig=169,2024-01-01T20:29:00.702Z
e5df6d9a-a19c-49b2-8574-ac265d7f76aa,Hub kết nối dành cho người đam mê Recommendation Systems,"Hub kết nối dành cho người đam mê Recommendation Systems tập trung giao lưu giữa các doanh nghiệp xoay quanh recommendation systems, computer vision, cloud computing, blockchain.",recommendation systems|computer vision|cloud computing|blockchain,https://source.unsplash.com/collection/1163637/960x540?sig=170,2025-02-04T14:30:46.875Z
c9f86a23-6bf9-4e62-baca-85a0d1b79f7d,Không gian mở cho tín đồ Kafka,"Không gian mở cho tín đồ Kafka tập trung giao lưu giữa các doanh nghiệp xoay quanh kafka, microservices, azure.",kafka|microservices|azure,https://source.unsplash.com/collection/1163637/960x540?sig=171,2025-02-09T16:01:04.977Z
b62da1f5-b124-4241-b34d-bd194a8b75e5,Câu lạc bộ chia sẻ kinh nghiệm Gcp,"Câu lạc bộ chia sẻ kinh nghiệm Gcp tập trung xây dựng thư viện tài liệu mở xoay quanh gcp, scala, computer vision, spark.",gcp|scala|computer vision|spark,https://source.unsplash.com/collection/1163637/960x540?sig=172,2024-10-24T17:18:28.121Z
fe7757df-3472-4d92-8387-1d14ed758166,Nhóm nghiên cứu chuyên sâu Big Data,"Nhóm nghiên cứu chuyên sâu Big Data tập trung thảo luận xu hướng mới xoay quanh big data, deep learning, kafka.",big data|deep learning|kafka,https://source.unsplash.com/collection/1163637/960x540?sig=173,2025-04-18T07:15:15.464Z
d0a05b53-6002-4fec-bd28-a16a0bbb5c39,Nhóm nghiên cứu chuyên sâu Aws,"Nhóm nghiên cứu chuyên sâu Aws tập trung cùng nhau làm side project xoay quanh aws, python, graph databases.",aws|python|graph databases,https://source.unsplash.com/collection/1163637/960x540?sig=174,2025-06-05T02:38:30.346Z
45a99259-15f0-48c4-990e-dc8118ec7d3c,Liên minh phát triển Aws,"Liên minh phát triển Aws tập trung cùng nhau làm side project xoay quanh aws, prompt engineering, azure.",aws|prompt engineering|azure,https://source.unsplash.com/collection/1163637/960x540?sig=175,2024-11-26T02:35:18.297Z
7dfe2614-9985-40da-878a-34029d0bc2df,Nhóm học tập vượt tốc Deep Learning,"Nhóm học tập vượt tốc Deep Learning tập trung xây dựng thư viện tài liệu mở xoay quanh deep learning, spark.",deep learning|spark,https://source.unsplash.com/collection/1163637/960x540?sig=176,2025-05-21T07:42:49.022Z
40deca0b-e4e1-4e4a-bed3-9a73047cfea3,Câu lạc bộ chia sẻ kinh nghiệm Recommendation Systems,"Câu lạc bộ chia sẻ kinh nghiệm Recommendation Systems tập trung giao lưu giữa các doanh nghiệp xoay quanh recommendation systems, graph databases.",recommendation systems|graph databases,https://source.unsplash.com/collection/1163637/960x540?sig=177,2025-04-10T13:02:04.077Z
5d51bc05-8b41-4832-9df0-2eece1c36130,Nhóm học tập vượt tốc Spark,"Nhóm học tập vượt tốc Spark tập trung tổ chức workshop định kỳ xoay quanh spark, scala, fintech.",spark|scala|fintech,https://source.unsplash.com/collection/1163637/960x540?sig=178,2024-11-03T19:33:51.429Z
c50f53b2-59aa-4f0d-aa1f-76623dcefcae,Nhóm học tập vượt tốc Llmops,"Nhóm học tập vượt tốc Llmops tập trung xây dựng thư viện tài liệu mở xoay quanh llmops, mobile development, fintech.",llmops|mobile development|fintech,https://source.unsplash.com/collection/1163637/960x540?sig=179,2025-09-01T04:42:29.743Z